{
  "GetPrizesByCategory": [
    93.28409999608994,
    41.78280000388622,
    42.543600007891655,
    44.73250000178814,
    44.290199995040894,
    42.705299988389015,
    40.17210000753403,
    42.9784000068903,
    43.75779999792576,
    43.39640000462532,
    43.04000000655651,
    47.69529999792576,
    42.14530000090599,
    42.76639999449253,
    41.30290000140667,
    42.46009999513626,
    43.42239999771118,
    44.26929999887943,
    45.09500001370907,
    38.250200003385544,
    45.59059999883175,
    41.9396999925375,
    43.57140000164509,
    41.967099994421005,
    45.898400008678436,
    42.219399988651276,
    38.80420000851154,
    42.05020000040531,
    47.50490000844002,
    40.741800010204315,
    43.72059999406338,
    48.25180000066757,
    47.12040001153946,
    46.10979999601841,
    42.92790000140667,
    43.352200001478195,
    40.15359999239445,
    54.38220000267029,
    43.161899998784065,
    47.39570000767708,
    52.48030000925064,
    42.86210000514984,
    42.73830001056194,
    48.092099994421005,
    50.90260000526905,
    52.2597000002861,
    47.85590000450611,
    53.636500000953674,
    44.80680000782013,
    46.759800001978874,
    37.625200003385544,
    46.99769999086857,
    39.03190000355244,
    44.960800006985664,
    48.67899999022484,
    48.58339999616146,
    48.2664999961853,
    42.56859999895096,
    45.05140000581741,
    43.9268000125885,
    43.126400008797646,
    41.52239999175072,
    40.50299999117851,
    41.71320000290871,
    40.85649999976158,
    40.97520001232624,
    41.15780000388622,
    42.477699995040894,
    43.768800005316734,
    41.6182000041008,
    40.719399988651276,
    41.28260000050068,
    40.27859999239445,
    44.84649999439716,
    45.69359999895096,
    45.50270000100136,
    48.27649998664856,
    45.130800008773804,
    43.44439999759197,
    42.07330000400543,
    45.858899995684624,
    44.708599999547005,
    39.93710000813007,
    41.91659998893738,
    45.330300003290176,
    40.12909999489784,
    40.16399998962879,
    126.0617999881506,
    49.730599999427795,
    43.34280000627041,
    44.13579998910427,
    44.54829999804497,
    39.96829999983311,
    44.366799995303154,
    44.552000001072884,
    42.790800005197525,
    45.195999994874,
    46.29619999229908,
    41.133700013160706,
    44.60400000214577
  ],
  "CountLaureatesByCategoryAndYearRange": [
    48.79960000514984,
    41.227100014686584,
    42.63869999349117,
    44.40719999372959,
    41.32140000164509,
    44.67630000412464,
    40.40240000188351,
    44.20000000298023,
    46.880800008773804,
    40.244099989533424,
    41.981700003147125,
    46.841499999165535,
    44.4171000123024,
    40.710900008678436,
    41.005899995565414,
    41.88679999113083,
    43.12219999730587,
    44.465900003910065,
    42.059499993920326,
    41.46330000460148,
    42.66939999163151,
    44.14190000295639,
    43.107899993658066,
    38.317900002002716,
    40.64519999921322,
    43.98199999332428,
    41.688400000333786,
    40.65039999783039,
    44.33840000629425,
    46.88580000400543,
    43.802100002765656,
    43.34329999983311,
    38.560000002384186,
    48.14820000529289,
    41.02850000560284,
    41.57419998943806,
    40.35920000076294,
    41.406899988651276,
    43.983999997377396,
    44.52660000324249,
    49.20559999346733,
    42.10250000655651,
    39.54170000553131,
    41.382100000977516,
    41.76689998805523,
    44.62610000371933,
    42.31659999489784,
    43.26170000433922,
    43.84979999065399,
    44.45559999346733,
    46.482299998402596,
    40.34919999539852,
    39.5198999941349,
    42.47089999914169,
    46.10130000114441,
    38.575699999928474,
    46.8897999972105,
    55.39450000226498,
    44.350500002503395,
    42.13409999012947,
    40.03140000998974,
    44.00779999792576,
    45.240199998021126,
    41.62120001018047,
    41.21680000424385,
    44.18060000240803,
    41.04459999501705,
    41.89859999716282,
    41.635399997234344,
    43.63779999315739,
    40.432099997997284,
    41.981699988245964,
    40.478300005197525,
    43.258100003004074,
    40.583100005984306,
    46.60870000720024,
    42.07260000705719,
    42.37439998984337,
    42.95280000567436,
    44.18640001118183,
    51.590400010347366,
    42.69269999861717,
    48.889300003647804,
    42.90659999847412,
    42.57100000977516,
    44.62030000984669,
    42.53000000119209,
    39.34929999709129,
    45.72900000214577,
    37.12799999117851,
    45.157399997115135,
    40.35260000824928,
    44.52290000021458,
    47.03759999573231,
    48.935000002384186,
    44.06209999322891,
    57.983400002121925,
    39.38419999182224,
    41.453500002622604,
    42.562700003385544
  ],
  "CountLaureatesByMotivationKeyword": [
    42.764899998903275,
    41.21960000693798,
    42.675400003790855,
    39.34810000658035,
    40.43180000782013,
    42.66560000181198,
    41.93250000476837,
    41.73999999463558,
    42.112299993634224,
    42.29620000720024,
    41.39470000565052,
    43.555500000715256,
    43.18760000169277,
    42.91390000283718,
    39.494199991226196,
    43.64919999241829,
    41.494699999690056,
    46.816600009799004,
    43.72220000624657,
    44.65579999983311,
    42.2516999989748,
    43.6794999986887,
    43.508799999952316,
    42.53710000216961,
    46.63400000333786,
    40.99279999732971,
    42.30160000920296,
    53.38860000669956,
    43.17190000414848,
    42.16950000822544,
    40.125299990177155,
    47.59900000691414,
    43.569499999284744,
    41.21529999375343,
    41.46270000934601,
    44.34459999203682,
    41.47429999709129,
    42.46770000457764,
    40.01070000231266,
    42.99889999628067,
    41.352200001478195,
    44.67459999024868,
    46.91330000758171,
    40.98880000412464,
    42.65590000152588,
    45.31239999830723,
    41.71739999949932,
    41.44249999523163,
    44.62049999833107,
    47.15930001437664,
    41.74880000948906,
    42.5663999915123,
    40.44470000267029,
    43.83330000936985,
    51.488499999046326,
    41.52199999988079,
    40.866500005126,
    45.47789999842644,
    49.08160001039505,
    52.135900005698204,
    44.7715999931097,
    41.644400000572205,
    44.55009999871254,
    42.50830000638962,
    44.135900005698204,
    44.14939999580383,
    42.76350000500679,
    47.2546000033617,
    45.20629999041557,
    40.202900007367134,
    45.58330000936985,
    38.933200001716614,
    41.32329998910427,
    40.357299998402596,
    42.88520000874996,
    40.396699994802475,
    46.295900002121925,
    42.90430000424385,
    40.672099992632866,
    42.04440000653267,
    41.64039999246597,
    42.88570000231266,
    45.664700001478195,
    43.279500007629395,
    43.686700001358986,
    44.31480000913143,
    42.59280000627041,
    38.857199996709824,
    40.681099995970726,
    41.28880000114441,
    42.0557000041008,
    43.05799999833107,
    44.28940001130104,
    41.18230000138283,
    41.13619999587536,
    70.03190000355244,
    44.95840001106262,
    41.13419999182224,
    41.41910000145435,
    42.63920000195503
  ],